;baseMean;log2FoldChange;lfcSE;stat;pvalue;padj
hsa-let-7a-3p;64,50763681;-0,477417659;0,391489273;-1,219491038;0,222657875;0,493961885
hsa-let-7a-5p;40443,76212;0,381729202;0,15016301;2,542098754;0,011018904;0,063261286
hsa-let-7b-3p;67,15853138;0,305583345;0,501680381;0,609119584;0,542445178;0,804631821
hsa-let-7b-5p;8690,40341;0,496765687;0,172043466;2,887442914;0,003883871;0,027595924
hsa-let-7d-3p;1779,284035;0,675021371;0,49556257;1,362131466;0,1731564;0,433136136
hsa-let-7d-5p;8251,562085;0,154107501;0,159388376;0,966867874;0,333610088;0,643442074
hsa-let-7e-3p;2,468785013;-0,979801539;2,352772601;-0,41644549;0,677084047;
hsa-let-7e-5p;932,0370371;0,430459354;0,181808264;2,367655604;0,017901191;0,091194745
hsa-let-7f-1-3p;98,81810228;0,040338137;0,421656002;0,095665986;0,923785856;0,955640541
hsa-let-7f-2-3p;4,158660855;-0,961506101;1,488163984;-0,646102252;0,518213137;0,781837158
hsa-let-7f-5p;22479,14;-0,141553297;0,154498383;-0,916212159;0,359555629;0,655946081
hsa-let-7g-3p;2,591329112;0,38352096;1,78592722;0,214746131;0,829965255;
hsa-let-7g-5p;6956,66422;-0,038507218;0,16519834;-0,233096881;0,815686177;0,91295653
hsa-let-7i-3p;12,74415815;0,292059584;0,729262574;0,400486183;0,688798459;0,847261338
hsa-let-7i-5p;5263,650518;0,102139683;0,173168811;0,589827248;0,555306473;0,812473708
hsa-miR-1-3p;198,9615327;-1,012339187;0,263747403;-3,838290635;0,000123894;0,001787921
hsa-miR-1-5p;0,313438966;0,66696477;5,39771668;0,123564242;0,901660306;
hsa-miR-101-3p;89,30347446;-1,014446182;0,334775268;-3,030230361;0,002443673;0,01885119
hsa-miR-103a-1-5p;1,056774752;-0,656171066;3,253141088;-0,201703845;0,840148256;
hsa-miR-103a-2-5p;8,007448069;-0,441021585;0,895395619;-0,492543828;0,622334947;0,831931032
hsa-miR-103a-3p;1242,768869;-0,13661484;0,184645416;-0,739876691;0,459374819;0,749883544
hsa-miR-106b-3p;83,99301601;0,162259284;0,320975556;0,505519129;0,613194266;0,831931032
hsa-miR-106b-5p;12,83010542;-0,46658255;0,722349861;-0,645923223;0,518329079;0,781837158
hsa-miR-107;67,29267282;0,013877632;0,373183502;0,037187152;0,970335783;0,978140182
hsa-miR-10a-3p;0,833087981;-1,283110705;3,368345001;-0,380932091;0,703253639;
hsa-miR-10a-5p;1,255033882;-1,493276336;3,043137087;-0,490702947;0,623636562;
hsa-miR-1179;1,443859147;-1,227048871;2,407183895;-0,50974455;0,610230438;
hsa-miR-1185-1-3p;6,295158642;4,471381422;1,343205564;3,3288884;0,000871933;0,008118
hsa-miR-1197;0,382981905;4,350954808;5,243713485;0,829746862;0,40668192;
hsa-miR-1226-3p;7,972409567;-0,204142447;0,974205561;-0,20954761;0,834020773;0,918888364
hsa-miR-1227-3p;2,76447197;1,462291788;1,719934553;0,850201995;0,395212793;
hsa-miR-1229-3p;31,45989765;1,081417225;0,567711777;1,904870164;0,056796951;0,221837886
hsa-miR-1236-3p;0,225280309;1,981620537;5,375594027;0,368632848;0,712401408;
hsa-miR-1238-3p;0,088771542;-1,289618019;5,345005177;-0,241275355;0,809341711;
hsa-miR-1238-5p;0,435771573;0,666971476;5,39771668;0,123565484;0,901659322;
hsa-miR-1246;147,1684608;0,050150426;0,455967831;0,109986764;0,912419872;0,951171295
hsa-miR-1249-3p;2,051210814;2,143292291;1,984346191;1,080099985;0,280097659;
hsa-miR-125a-3p;0,938093865;0,548359693;2,759415959;0,1987231;0,842479354;
hsa-miR-125a-5p;187,2276706;-0,006102163;0,282609852;-0,021592182;0,98277327;0,986426702
hsa-miR-125b-5p;9,505093224;0,092327395;0,945500667;0,097649212;0,922210846;0,955640541
hsa-miR-126-3p;7259,140826;-0,747037732;0,166893564;-4,476132666;7,60073E-06;0,000171016
hsa-miR-126-5p;11694,82296;-0,13647718;0,264890308;-0,515221491;0,606398253;0,831931032
hsa-miR-1261;0,469091456;-0,880348763;4,017926767;-0,219105229;0,826568078;
hsa-miR-127-3p;8,394402442;3,524706695;1,038612693;3,393668034;0,000689632;0,006896324
hsa-miR-1271-5p;2,362818336;-1,711355856;1,857542286;-0,921301156;0,356893218;
hsa-miR-1273h-3p;0,929129005;0,736092426;3,05153955;0,241220018;0,809384597;
hsa-miR-1273h-5p;22,5881141;0,079460465;0,575765051;0,138008489;0,890233708;0,94791631
hsa-miR-1277-3p;16,82370555;-0,414497397;0,822063371;-0,504215868;0,614109691;0,831931032
hsa-miR-1281;1,713453721;-1,884966208;2,146381528;-0,8782065;0,379831665;
hsa-miR-1285-5p;6,432862972;0,71649456;1,21903052;0,587757688;0,556694948;0,812473708
hsa-miR-1287-5p;1,635121252;1,666439422;2,456360991;0,678417964;0,497506722;
hsa-miR-1290;37,88603914;1,344883976;0,469138321;2,866710979;0,004147616;0,028714265
hsa-miR-1296-5p;0,958012659;3,345544474;2,780136821;1,203374039;0,22883161;
hsa-miR-1301-3p;8,597689054;0,398135378;1,03217533;0,385724563;0,699700669;0,850987301
hsa-miR-1304-3p;2,676437724;-2,802067662;2,006646321;-1,396393392;0,162596064;
hsa-miR-1304-5p;10,58507042;0,669914821;0,796813054;0,840742778;0,40049205;0,694490288
hsa-miR-1306-5p;82,08981168;0,693665999;0,358425068;1,935316645;0,052951451;0,212397663
hsa-miR-1307-3p;76,60735983;0,745332453;0,392487098;1,898998609;0,057564659;0,221837886
hsa-miR-130a-3p;2262,795699;0,299531799;0,15821699;1,893170887;0,058335148;0,221837886
hsa-miR-130a-5p;1,687099578;-0,185542568;2,064908362;-0,08985511;0,928402354;
hsa-miR-130b-3p;328,0603426;-0,336808347;0,248759625;-1,353951014;0,175752007;0,435349007
hsa-miR-130b-5p;138,8594279;-0,325600945;0,303842756;-1,071610032;0,283895226;0,580694779
hsa-miR-132-3p;0,919436333;-0,07258858;2,887522673;-0,025138705;0,979944328;
hsa-miR-133a-5p;0,143937678;-2,287937875;5,272677764;-0,433923327;0,66434412;
hsa-miR-134-3p;0,241712931;2,184559208;5,386704323;0,405546523;0,685075829;
hsa-miR-134-5p;71,20543301;4,592966142;0,455891975;10,07468083;7,14925E-24;6,43433E-22
hsa-miR-1343-3p;4,613325739;2,045085485;1,222682052;1,672622479;0,094401639;0,296377238
hsa-miR-135a-5p;1,013435647;1,699581138;3,269602699;0,51981274;0,603194099;
hsa-miR-136-3p;5,338288349;4,003992314;1,479937241;2,705514939;0,006819858;0,042822365
hsa-miR-136-5p;3,840092694;2,404805553;1,54097166;1,560577404;0,118623494;0,344390788
hsa-miR-139-3p;2,202574876;0,030234258;1,945827074;0,015537998;0,98760297;
hsa-miR-139-5p;78,65346659;-0,72637958;0,337555492;-2,151881981;0,031406651;0,136770899
hsa-miR-140-3p;117,2694972;-0,416423229;0,295508688;-1,409174232;0,158783655;0,416228999
hsa-miR-140-5p;19,13396429;-0,260243042;0,726945982;-0,357995021;0,720347039;0,851418654
hsa-miR-141-3p;0,341359205;0,174509913;5,246634257;0,033261307;0,973466209;
hsa-miR-142-3p;1790,869161;-0,887768676;0,231260124;-3,838831614;0,000123621;0,001787921
hsa-miR-142-5p;964,0363902;-0,56186729;0,187284429;-3,000074764;0,002699133;0,020243501
hsa-miR-143-3p;73,24017228;0,44923736;0,344153452;1,305340273;0,191777007;0,447478924
hsa-miR-143-5p;0,731248787;2,205603273;3,241785697;0,680366773;0,496272254;
hsa-miR-144-3p;1,849889035;-1,913348661;2,269232239;-0,84317005;0,399133346;
hsa-miR-144-5p;9,52005997;-1,10078813;0,877138665;-1,254976179;0,209487407;0,471346667
hsa-miR-145-3p;1,486577721;-1,808696766;2,588901551;-0,698634819;0,484780278;
hsa-miR-145-5p;103,9595205;0,497317435;0,306135144;1,624502917;0,104268518;0,31799539
hsa-miR-1468-5p;0,943067643;0,623796253;3,475147185;0,17950211;0,85754346;
hsa-miR-146a-5p;1176,917407;0,176733285;0,164450713;1,074688468;0,282514228;0,580694779
hsa-miR-146b-5p;153,8518014;-0,766932786;0,276046224;-2,778276679;0,005464806;0,035130898
hsa-miR-148a-3p;2,495169972;-1,538765458;1,793130787;-0,858144575;0,390812636;
hsa-miR-148b-3p;13,49731937;-0,383906419;0,72606005;-0,528752985;0,596976816;0,831931032
hsa-miR-148b-5p;8,92566305;0,493407736;0,932527261;0,529108109;0,596730456;0,831931032
hsa-miR-150-5p;11,8346753;0,332669041;0,82890381;0,401336122;0,688172672;0,847261338
hsa-miR-151a-3p;1967,873323;0,0239727;0,216249019;0,110856917;0,91172981;0,951171295
hsa-miR-151a-5p;317,1959916;-0,093398902;0,229644727;-0,406710413;0,684220692;0,847261338
hsa-miR-152-3p;5,043020268;-2,07767697;1,320239456;-1,573712224;0,115553994;0,342852511
hsa-miR-153-3p;1,759973997;1,048340881;2,289971519;0,457796471;0,647098671;
hsa-miR-1538;0,622353083;3,79520156;3,934415059;0,964616469;0,334736948;
hsa-miR-154-3p;1,009698785;3,928236645;3,150462016;1,246876371;0,212442832;
hsa-miR-154-5p;8,002291568;1,71602704;1,001681191;1,713146913;0,086685515;0,285427916
hsa-miR-15a-3p;3,565152368;-0,761498576;1,44981789;-0,525237398;0,59941817;0,831931032
hsa-miR-15a-5p;3,187479444;-0,195497997;1,416203096;-0,138043757;0,890205835;
hsa-miR-15b-3p;94,25904017;-0,67999605;0,363309528;-1,871671391;0,06125208;0,2296953
hsa-miR-15b-5p;35,57438749;-0,974808726;0,548749795;-1,776417478;0,075664132;0,262808614
hsa-miR-16-2-3p;6,742986607;-0,568317022;1,119017533;-0,507871419;0,61154352;0,831931032
hsa-miR-16-5p;175,5299529;-1,158467987;0,340694108;-3,400317052;0,000673078;0,006896324
hsa-miR-17-3p;7,10528075;0,460161104;1,027212592;0,447970661;0,654174371;0,839349024
hsa-miR-17-5p;2115,934944;-0,19410556;0,211352495;-0,918397293;0,358410907;0,655946081
hsa-miR-181a-3p;1,6311822;-0,156336165;2,204922676;-0,070903242;0,943474763;
hsa-miR-181a-5p;36,94321845;0,205521647;0,454719146;0,451974915;0,651287054;0,839349024
hsa-miR-181b-2-3p;0,511932033;-0,681413723;5,382024529;-0,126609182;0,899249729;
hsa-miR-181c-5p;14,80648573;-0,001116452;0,697622838;-0,001600366;0,998723093;0,998723093
hsa-miR-184;5,704147023;0,19759641;3,005593628;0,06574289;0,947582525;0,969118492
hsa-miR-185-3p;6,443538197;0,800261476;1,039173083;0,7700945;0,441243838;0,747364482
hsa-miR-185-5p;1134,730337;-0,616665501;0,184681373;-3,339077946;0,00084057;0,008105494
hsa-miR-186-3p;1,083809275;-2,731334083;2,879629464;-0,948501923;0,342873994;
hsa-miR-186-5p;182,4572401;-0,013464379;0,255127683;-0,052775062;0,957911132;0,975984927
hsa-miR-188-5p;0,924461424;-0,624349549;2,830523631;-0,220577402;0,825421498;
hsa-miR-18a-5p;7,254340841;-1,146956104;0,964351074;-1,189355345;0,234299865;0,514316777
hsa-miR-1908-5p;86,05080893;0,577131272;0,343989363;1,677759067;0,093394143;0,296377238
hsa-miR-190a-3p;0,680253015;-1,23302092;3,841982276;-0,320933526;0,748260766;
hsa-miR-190a-5p;49,62207849;0,237089139;0,467238621;0,507426246;0,611855774;0,831931032
hsa-miR-190b-5p;3,734892597;0,300898226;1,46447945;0,205464287;0,837209398;0,918888364
hsa-miR-191-3p;4,379614789;0,043726019;1,19842693;0,036486178;0,9708947;0,978140182
hsa-miR-191-5p;6196,767953;-0,33083767;0,216271126;-1,529735737;0,126082154;0,354606058
hsa-miR-1914-5p;0,747906484;-1,140926368;3,423455832;-0,333267442;0,738932414;
hsa-miR-192-5p;8,67039472;-0,934951259;0,959251311;-0,97466769;0,329725125;0,643442074
hsa-miR-193a-5p;1,416488195;-0,18958477;2,75299092;-0,068865018;0,945097064;
hsa-miR-194-5p;4,970061527;-1,137467536;1,267696617;-0,897271098;0,369574275;0,660828173
hsa-miR-195-5p;0,529851166;-2,294297585;4,925437343;-0,465805862;0,641354469;
hsa-miR-196b-3p;0,133157314;-1,815937406;5,30479455;-0,342320025;0,732110067;
hsa-miR-196b-5p;31,00935291;0,342874064;0,509893215;0,672442885;0,501301789;0,764697645
hsa-miR-197-3p;17,25925374;0,314742353;0,770746966;0,408360158;0,68300928;0,847261338
hsa-miR-1976;0,357302474;0,666961718;5,39771668;0,123563677;0,901660754;
hsa-miR-199a-5p;416,3210587;-0,553883214;0,206139796;-2,68693006;0,007211205;0,044250576
hsa-miR-199b-5p;1,971715233;-0,791778451;1,717089199;-0,461116669;0,644714903;
hsa-miR-19a-3p;262,3476101;-0,024763271;0,277972027;-0,089085478;0,929013978;0,957380817
hsa-miR-19b-1-5p;1,26805768;0,442309505;2,367350867;0,186837326;0,85178818;
hsa-miR-19b-3p;835,7671255;-0,655555386;0,215389101;-3,043586614;0,002337761;0,018564575
hsa-miR-200a-3p;0,341836757;-1,813119806;5,297987026;-0,342228057;0,732179272;
hsa-miR-200c-3p;5,240220243;-0,919633542;1,229992945;-0,747673835;0,454656917;0,749883544
hsa-miR-203a-3p;2,653096741;-0,473552513;1,981116701;-0,239033123;0,811079898;
hsa-miR-20a-3p;4,099510026;-2,46304417;1,383589313;-1,780184443;0,075045781;0,262808614
hsa-miR-20a-5p;80,82318962;-0,634261236;0,340832967;-1,860915164;0,062756158;0,232111817
hsa-miR-20b-3p;0,809333861;-1,554561794;3,639165954;-0,427175296;0,669251653;
hsa-miR-20b-5p;66,25446577;-0,122425917;0,369990584;-0,330889278;0,740728121;0,854686294
hsa-miR-21-3p;10,35140692;0,35372424;0,835714228;0,423259804;0,672105718;0,845461766
hsa-miR-21-5p;1009,727106;-1,026406057;0,19316934;-5,313503982;1,07537E-07;3,22611E-06
hsa-miR-210-3p;35,39184202;1,416390626;0,459406843;3,08308561;0,002048662;0,016761781
hsa-miR-2110;2,18854825;2,350798994;1,816891766;1,293857476;0,195714655;
hsa-miR-219a-5p;1,125586916;1,91270385;2,920214959;0,654987348;0,5124759;
hsa-miR-22-3p;62,30468843;-1,603612938;0,384582752;-4,169747424;3,04937E-05;0,000548887
hsa-miR-22-5p;39,65573382;-0,628985861;0,482369154;-1,30395125;0,192250205;0,447478924
hsa-miR-221-3p;1219,779899;0,081338335;0,222662958;0,36529801;0,714888964;0,851418654
hsa-miR-222-3p;118,6702181;0,168621853;0,319538286;0,527704693;0,597704316;0,831931032
hsa-miR-223-3p;6506,909954;-0,41899615;0,17270837;-2,426032689;0,015264895;0,080814151
hsa-miR-223-5p;171,1360001;-0,07412261;0,26040286;-0,284645912;0,775915433;0,872904862
hsa-miR-224-5p;186,7073345;0,180122053;0,251368183;0,716566637;0,473641537;0,749883544
hsa-miR-2278;2,221504199;1,517552888;2,110627389;0,719005589;0,472137476;
hsa-miR-2355-3p;7,113447929;-1,350530715;0,948579949;-1,423739472;0,154521903;0,409028567
hsa-miR-2355-5p;3,212791433;-1,302584108;1,691587593;-0,770036451;0,44127827;
hsa-miR-23a-3p;13264,37171;-0,402817753;0,155212465;-2,595266771;0,009451753;0,056710516
hsa-miR-23a-5p;45,99186492;0,36679646;0,433856232;0,845433195;0,397869017;0,694490288
hsa-miR-23b-3p;3580,629134;-0,253257138;0,175890846;-1,439854;0,14990871;0,401933153
hsa-miR-24-1-5p;1,326074124;-0,42232284;2,568534109;-0,164421737;0,869399153;
hsa-miR-24-2-5p;17,540898;-0,585634323;0,629958396;-0,929639683;0,352557674;0,651990219
hsa-miR-24-3p;6807,654968;-0,420997273;0,181210769;-2,323246433;0,020165918;0,098996323
hsa-miR-25-3p;2340,37681;-0,048281335;0,163409733;-0,295461804;0,767641126;0,870853379
hsa-miR-25-5p;6,322134483;0,725204809;1,05081201;0,690137534;0,490107701;0,764697645
hsa-miR-26a-1-3p;5,340625571;-0,981456415;1,342962776;-0,73081431;0,464892581;0,749883544
hsa-miR-26a-5p;103,0804727;-0,89610167;0,350042138;-2,559982281;0,01046775;0,061441141
hsa-miR-26b-3p;24,87456503;0,109222355;0,624596138;0,174868765;0,861182754;0,933812625
hsa-miR-26b-5p;40,22180675;-0,942969792;0,448148374;-2,104146408;0,035365678;0,15156719
hsa-miR-27a-3p;49,62013721;-0,563157016;0,500829577;-1,124448401;0,260822849;0,554505269
hsa-miR-27b-3p;41,00993917;-0,745519104;0,434297223;-1,716610341;0,086050392;0,285427916
hsa-miR-27b-5p;18,05729189;0,357010099;0,674088071;0,529619369;0,596375862;0,831931032
hsa-miR-28-3p;179,2976439;0,118476443;0,249796976;0,474290942;0,63529245;0,831931032
hsa-miR-28-5p;90,76717163;-0,465053087;0,346407441;-1,342503168;0,179432904;0,440426219
hsa-miR-299-5p;0,685526132;1,682351355;3,664663356;0,459073915;0,646181088;
hsa-miR-29a-3p;23,64540232;-0,488761358;0,564246939;-0,866218892;0,386370135;0,686315371
hsa-miR-29a-5p;1,207204205;-1,502126981;2,591029806;-0,579741297;0,56208909;
hsa-miR-29b-1-5p;2,685578483;-0,26489446;1,740880004;-0,15216124;0,879059764;
hsa-miR-29b-2-5p;19,31464719;0,579093035;0,614910271;0,941752094;0,346319577;0,644870936
hsa-miR-29b-3p;13,02726263;0,057884238;0,736928886;0,078547929;0,937392206;0,962341809
hsa-miR-29c-3p;11,84209927;-1,010412516;0,803873317;-1,256930034;0,208778972;0,471346667
hsa-miR-29c-5p;5,830612482;-2,226914606;1,224553339;-1,818552557;0,068979722;0,248326997
hsa-miR-301a-3p;73,43492636;-0,279241835;0,39013412;-0,715758559;0,474140445;0,749883544
hsa-miR-301a-5p;0,784980319;3,075694239;4,003273747;0,768294759;0,442312088;
hsa-miR-301b-3p;8,708889302;-0,613816338;1,01073517;-0,607296903;0,543653894;0,804631821
hsa-miR-3065-3p;1,145981728;4,289091012;3,08510692;1,390256845;0,164450897;
hsa-miR-3065-5p;0,641865741;-1,048551725;3,536012003;-0,296535115;0,766821454;
hsa-miR-30a-3p;15,61132429;0,21195797;0,679970085;0,311716611;0,755255903;0,864063957
hsa-miR-30b-3p;24,14130853;0,866279289;0,560673749;1,545068394;0,122329721;0,351372603
hsa-miR-30b-5p;50,13130175;-0,49876056;0,448835858;-1,111231538;0,266468699;0,562082413
hsa-miR-30c-1-3p;10,68926024;0,899707827;0,769678634;1,168939591;0,242427971;0,527867356
hsa-miR-30c-5p;156,6072718;-0,097328958;0,287486;-0,338551991;0,734947254;0,854686294
hsa-miR-30d-3p;5,021758625;0,401350095;1,172048994;0,342434571;0,732023875;0,854686294
hsa-miR-30d-5p;7,007110182;-0,123738494;0,99972428;-0,123772621;0,90149531;0,94791631
hsa-miR-30e-3p;404,0611824;-0,347436905;0,197094689;-1,762791823;0,077935607;0,263141073
hsa-miR-30e-5p;3,134744801;-0,171123028;1,436509557;-0,119124183;0,905176972;
hsa-miR-3120-3p;14,99562603;-0,213832042;0,720067415;-0,296961142;0,766496176;0,870853379
hsa-miR-3123;0,872127708;-0,718300178;4,001821228;-0,17949332;0,857550362;
hsa-miR-3130-5p;0,472297412;0,666983573;4,842818359;0,137726325;0,890456714;
hsa-miR-3138;9,145251597;0,931204679;0,880165251;1,057988461;0,290060703;0,588845037
hsa-miR-3150a-5p;0,319864788;1,998483483;5,378877073;0,371542881;0,710233224;
hsa-miR-3161;1,077729857;-4,58483953;3,317457078;-1,382034318;0,166961164;
hsa-miR-3177-3p;0,25770464;0,666985772;5,39771668;0,123568133;0,901657225;
hsa-miR-3188;0,400062408;1,108571151;5,260778546;0,210723782;0,833102816;
hsa-miR-3198;0,399858841;-0,502498134;5,024992546;-0,099999777;0,920344502;
hsa-miR-32-3p;36,77750004;-0,242795752;0,499793277;-0,485792353;0,627114397;0,831931032
hsa-miR-32-5p;20,15104887;-0,527655584;0,677205873;-0,779165694;0,435882116;0,744861844
hsa-miR-320a-3p;68,63814388;0,5420888;0,42301567;1,281486332;0,200022898;0,457679512
hsa-miR-320b;24,58588866;0,20315687;0,578088634;0,351428583;0,725266842;0,851418654
hsa-miR-323a-3p;10,23588914;4,879462674;1,155533768;4,222691546;2,41402E-05;0,000501374
hsa-miR-323b-3p;11,87053063;3,445260421;0,898488627;3,834506433;0,000125817;0,001787921
hsa-miR-324-3p;9,541992417;-0,173164932;0,915336059;-0,18918181;0,849950324;0,929095496
hsa-miR-324-5p;28,8138685;-0,087965859;0,523655186;-0,167984317;0,866595617;0,935923267
hsa-miR-326;189,2388975;-0,353541935;0,267049588;-1,323881221;0,185542496;0,447478924
hsa-miR-328-3p;427,0375036;0,615683653;0,268979769;2,28895896;0,022081737;0,104597702
hsa-miR-329-5p;0,669229108;3,133978831;3,856444321;0,812660205;0,416412904;
hsa-miR-330-3p;12,03117494;0,544007149;0,723743686;0,751657195;0,452257238;0,749883544
hsa-miR-330-5p;6,015048399;0,444675244;1,05446212;0,421708125;0,673238073;0,845461766
hsa-miR-331-3p;86,39173795;-0,351815466;0,389613179;-0,902986565;0,366533025;0,660828173
hsa-miR-331-5p;1,201666392;-0,495006458;2,269372113;-0,218124853;0,827331834;
hsa-miR-335-3p;36,13820424;-0,249973152;0,485188829;-0,51520797;0,6064077;0,831931032
hsa-miR-335-5p;104,539581;-0,875740651;0,296952035;-2,94909799;0,003187029;0,023256699
hsa-miR-337-3p;31,95436967;4,00772685;0,683147971;5,866557495;4,44936E-09;1,50166E-07
hsa-miR-337-5p;7,583140691;4,47542937;1,352560732;3,3088565;0,000936778;0,008431005
hsa-miR-338-3p;9,30410864;-2,374740067;0,983809541;-2,413820935;0,015786218;0,081966903
hsa-miR-338-5p;0,652041291;-1,230204715;3,670845803;-0,335128409;0,737528223;
hsa-miR-339-3p;9,398921904;-0,181736652;0,861952398;-0,210843026;0,833009763;0,918888364
hsa-miR-339-5p;3,154653479;-0,625390132;1,612008812;-0,387957018;0,698047842;
hsa-miR-33a-3p;9,255376594;-1,359384339;0,900377559;-1,509793669;0,131096081;0,364906618
hsa-miR-33a-5p;41,01222516;-0,462080254;0,482295431;-0,958085489;0,338019652;0,643442074
hsa-miR-33b-5p;4,162162723;2,02577526;1,471400488;1,376766745;0,168584376;0,429413032
hsa-miR-340-3p;162,5971203;-0,121545028;0,308403039;-0,394110993;0,693499095;0,847261338
hsa-miR-340-5p;2,733718964;-3,591811568;2,060600259;-1,743089933;0,081317907;
hsa-miR-342-3p;389,9215988;-0,095354487;0,22520241;-0,423416814;0,671991179;0,845461766
hsa-miR-342-5p;5,085974565;2,644728486;1,288389833;2,052739334;0,040097865;0,166560363
hsa-miR-345-5p;5,223140414;0,971519462;1,301554472;0,746430121;0,455407629;0,749883544
hsa-miR-34a-5p;3,84824644;-2,057560315;1,571991137;-1,308887987;0,190572296;0,447478924
hsa-miR-361-3p;41,4151573;0,199559484;0,447913324;0,445531475;0,655935719;0,839349024
hsa-miR-361-5p;9,549309578;-0,310303273;0,937470529;-0,331000563;0,740644061;0,854686294
hsa-miR-3613-5p;12,61797397;0,363989699;0,747743081;0,486784442;0,626411097;0,831931032
hsa-miR-3615;7,471340413;0,465786516;0,977567455;0,476475064;0,633735968;0,831931032
hsa-miR-3617-5p;0,490267774;1,754935816;5,088145079;0,344906796;0,730164441;
hsa-miR-362-3p;0,531136115;0,438138525;4,52661894;0,096791564;0,922891924;
hsa-miR-362-5p;1,624755713;-0,608153973;2,26941796;-0,26797795;0,788716291;
hsa-miR-363-3p;4,045300343;-0,88833802;1,432245081;-0,620241627;0,535098719;0,802648079
hsa-miR-3682-5p;0,223960646;0,666967093;5,39771668;0,123564672;0,901659965;
hsa-miR-369-3p;7,697502151;1,972503232;1,167064271;1,690141049;0,091000973;0,292503129
hsa-miR-369-5p;9,64854829;3,77083807;1,037135403;3,635820415;0,000277097;0,00356268
hsa-miR-370-3p;5,910973498;5,103911284;1,433053181;3,561564464;0,000368652;0,00452436
hsa-miR-374a-3p;24,4637728;-0,845103417;0,585428638;-1,443563506;0,148861797;0,401933153
hsa-miR-374a-5p;26,24012853;-1,153111147;0,593739654;-1,942115773;0,052123086;0,212397663
hsa-miR-374b-5p;509,3065219;-0,429482033;0,241982018;-1,774851026;0,075922488;0,262808614
hsa-miR-376a-2-5p;0,948895206;3,667343239;3,232013093;1,134693187;0,256503893;
hsa-miR-376a-3p;13,38393693;5,398041352;1,074500524;5,023768003;5,06674E-07;1,36802E-05
hsa-miR-376a-5p;2,974573349;1,288796371;1,811324493;0,711521528;0,476761115;
hsa-miR-376b-3p;2,91904406;5,30932278;1,972456519;2,691731214;0,007108221;
hsa-miR-376c-3p;74,47701448;3,503823294;0,391735038;8,94437045;3,74076E-19;2,02001E-17
hsa-miR-377-3p;2,841927907;2,366026255;1,582168633;1,495432411;0,134801627;
hsa-miR-377-5p;3,366054684;2,124046672;1,616681954;1,313830879;0,188903124;0,447478924
hsa-miR-378a-3p;25,47324807;0,238773255;0,60526791;0,394491847;0,693217946;0,847261338
hsa-miR-378a-5p;1,195594359;-0,982811986;2,754434662;-0,356810782;0,721233464;
hsa-miR-378c;2,544046271;0,867606014;1,551747231;0,559115555;0,57608286;
hsa-miR-379-3p;5,446595686;2,871616321;1,24095265;2,314041812;0,020665429;0,099636888
hsa-miR-379-5p;25,77600066;4,699727354;0,696876674;6,743987182;1,54098E-11;6,93442E-10
hsa-miR-380-3p;4,092444896;4,067772771;1,623001181;2,506327672;0,012199251;0,065875954
hsa-miR-381-3p;8,159559303;3,690252123;1,045693731;3,528998993;0,000417135;0,004896799
hsa-miR-382-3p;1,498247551;4,437526915;2,529382621;1,75439132;0,079363478;
hsa-miR-382-5p;320,9438697;3,917406092;0,25302483;15,48229911;4,5685E-54;1,23349E-51
hsa-miR-3928-3p;0,967645212;-0,385763833;2,636642382;-0,146308743;0,883677664;
hsa-miR-409-3p;187,141416;4,916003403;0,348336904;14,11278378;3,1682E-45;4,27707E-43
hsa-miR-409-5p;5,343647502;4,479480409;1,779686794;2,517004915;0,011835718;0,06521722
hsa-miR-410-3p;0,93797495;-0,094918872;2,828466064;-0,033558427;0,973229274;
hsa-miR-411-3p;11,1092109;3,050707189;0,888648072;3,432975647;0,000596996;0,006716202
hsa-miR-411-5p;5,308593855;3,06286633;1,208256805;2,534946475;0,011246451;0,063261286
hsa-miR-412-5p;0,407029533;3,149354012;5,30053784;0,594157443;0,552406813;
hsa-miR-421;23,31484329;0,619867819;0,575345453;1,077383711;0,281308878;0,580694779
hsa-miR-423-3p;183,8424856;0,292772591;0,260369822;1,12444902;0,260822586;0,554505269
hsa-miR-423-5p;1312,511009;0,421959101;0,202434814;2,084419635;0,037122013;0,156608494
hsa-miR-424-3p;20,18853084;0,14516602;0,631820454;0,229758342;0,818279557;0,91295653
hsa-miR-424-5p;20,20023205;-1,324717385;0,716502731;-1,848865788;0,064477195;0,23525463
hsa-miR-425-3p;79,39674657;-0,218404278;0,323033879;-0,676103319;0,49897505;0,764697645
hsa-miR-425-5p;157,6602253;-0,611953482;0,268643264;-2,277940915;0,022730098;0,105812526
hsa-miR-4286;118,42;-0,731837093;0,330972135;-2,211174343;0,027023766;0,121606949
hsa-miR-4301;0,752535143;2,091347286;3,668875827;0,570024003;0,568661418;
hsa-miR-431-3p;0,486764662;4,23402895;5,06977744;0,835150852;0,403632778;
hsa-miR-431-5p;1,43060482;3,709061891;2,645652193;1,401946144;0,16093133;
hsa-miR-432-5p;47,93373574;5,149734651;0,558816541;9,21542988;3,10033E-20;2,09273E-18
hsa-miR-4433b-5p;20,52672878;0,221296988;0,624050999;0,354613628;0,722879066;0,851418654
hsa-miR-4441;0,220664542;-2,742913554;5,252327909;-0,522228163;0,60151148;
hsa-miR-4446-3p;74,71151938;0,592917604;0,336387781;1,762601492;0,077967725;0,263141073
hsa-miR-4454;16,20050292;0,272683981;0,77597626;0,351407633;0,725282557;0,851418654
hsa-miR-4466;3,253532673;0,190827252;1,379566308;0,138324088;0,889984289;0,94791631
hsa-miR-4473;0,233296185;0,666977427;5,39771668;0,123566587;0,901658449;
hsa-miR-4482-5p;0,275725645;2,073440985;5,391949172;0,384543867;0,700575389;
hsa-miR-4485-3p;27,13336893;1,060518964;0,676780137;1,567006632;0,117113141;0,343701611
hsa-miR-4488;2,801961871;0,734141069;2,115832245;0,346975083;0,728610038;
hsa-miR-450a-5p;0,64139948;-0,890476748;4,742233104;-0,187775828;0,851052385;
hsa-miR-4516;0,358968581;2,189805365;5,367819561;0,407950629;0,683309922;
hsa-miR-451a;0,720498814;-1,964092607;3,830150092;-0,512797817;0,608092757;
hsa-miR-452-5p;7,964841384;0,603708337;0,894545126;0,674877454;0,499753626;0,764697645
hsa-miR-454-3p;132,8956365;-0,260059393;0,272820786;-0,953224262;0,340476456;0,643442074
hsa-miR-454-5p;4,901773322;-0,50542486;1,171730242;-0,431349164;0,666214508;0,845461766
hsa-miR-4646-3p;0,692056755;-2,358336621;4,486087297;-0,525700118;0,599096582;
hsa-miR-4659b-3p;2,525703869;0,198923454;1,507834229;0,131926607;0,895042343;
hsa-miR-4662a-5p;0,893589559;2,007828828;3,642807425;0,55117622;0,58151288;
hsa-miR-4685-3p;0,732608495;0,582145269;3,615612379;0,161008761;0,8720865;
hsa-miR-4687-5p;6,581709427;1,668305096;1,159925411;1,438286531;0,150352772;0,401933153
hsa-miR-4710;1,652377371;0,72613536;1,965768407;0,369390085;0,711836987;
hsa-miR-4719;0,427227886;0,66697343;5,39771668;0,123565846;0,901659036;
hsa-miR-4742-5p;2,09126571;-0,142194081;1,69496517;-0,083892037;0,933142271;
hsa-miR-4777-3p;0,274059538;0,666989374;5,39771668;0,1235688;0,901656697;
hsa-miR-4785;0,21530278;0,666992203;5,39771668;0,123569324;0,901656282;
hsa-miR-484;125,8961334;0,465437192;0,337234721;1,38015798;0,167538009;0,429413032
hsa-miR-485-3p;23,10623786;3,959275665;0,656672782;6,029297654;1,64674E-09;6,3517E-08
hsa-miR-485-5p;5,474303899;5,120971504;1,598815961;3,202977471;0,001360146;0,011476234
hsa-miR-486-3p;38,45827146;0,455157081;0,478137743;0,951937151;0,341128857;0,643442074
hsa-miR-486-5p;385,7180652;0,347685908;0,214367005;1,621918954;0,104820703;0,31799539
hsa-miR-487a-3p;1,676424587;3,563046632;2,137490624;1,666929713;0,095528382;
hsa-miR-487a-5p;6,924792203;4,716622615;1,456695806;3,237891258;0,001204167;0,010487906
hsa-miR-490-3p;0,82811505;0,115932661;3,421254637;0,033886008;0,972968051;
hsa-miR-491-5p;4,126094174;1,156083353;1,39808789;0,826903202;0,408291928;0,702158093
hsa-miR-493-3p;1,117887452;3,68995337;3,408556343;1,082556073;0,279005514;
hsa-miR-493-5p;6,947751014;2,455323847;1,05652398;2,323964144;0,020127416;0,098996323
hsa-miR-494-3p;15,28654872;3,439872907;0,842600186;4,082449737;4,45635E-05;0,000752008
hsa-miR-495-5p;1,383912988;1,772185349;2,510289648;0,705968473;0,480207744;
hsa-miR-496;1,474877859;6,01342397;2,941665019;2,044224591;0,040931365;
hsa-miR-497-5p;4,078856181;-2,191928319;1,584136567;-1,383673835;0,166458349;0,429413032
hsa-miR-501-3p;0,881773889;0,280412083;3,310789331;0,084696444;0,932502723;
hsa-miR-5010-5p;2,737609761;1,044725451;1,784008727;0,585605572;0,558140603;
hsa-miR-503-5p;2,004763882;-1,826721732;5,30057732;-0,344626938;0,730374851;
hsa-miR-504-5p;0,130139731;0,666989991;5,39771668;0,123568915;0,901656606;
hsa-miR-505-3p;74,41830861;0,074151356;0,343589784;0,215813623;0,829133029;0,918888364
hsa-miR-505-5p;17,22450059;0,75274659;0,699918707;1,075477169;0,282161149;0,580694779
hsa-miR-5100;5,250839616;0,358981319;1,121504598;0,32008903;0,748900841;0,860439264
hsa-miR-5187-5p;4,953438285;0,716148103;1,559393627;0,459247807;0,646056224;0,838630675
hsa-miR-5189-5p;1,283797781;1,506042391;2,462576737;0,611571761;0,540821127;
hsa-miR-5193;3,245206106;-1,940301334;1,991232428;-0,974422326;0,329846888;0,643442074
hsa-miR-532-3p;22,23155174;0,354506304;0,636462639;0,55699468;0,577531064;0,831931032
hsa-miR-532-5p;27,97244099;0,306048909;0,506095798;0,604725251;0,545361568;0,804631821
hsa-miR-539-5p;16,70866496;3,658290483;0,768343863;4,761267267;1,92381E-06;4,72208E-05
hsa-miR-542-3p;1,810899401;-2,456608802;2,272956108;-1,08079905;0,279786511;
hsa-miR-542-5p;0,8571308;2,047978085;3,674247058;0,557387147;0,577262945;
hsa-miR-543;4,571813875;3,447524789;1,558623014;2,211904198;0,026973285;0,121606949
hsa-miR-545-3p;0,286998721;-2,297916492;5,281581294;-0,435081155;0,663503521;
hsa-miR-545-5p;15,24744875;-0,647285216;0,672703243;-0,962215097;0,335941567;0,643442074
hsa-miR-548a-3p;0,767414478;0,691430603;3,119999704;0,221612394;0,824615633;
hsa-miR-548am-5p;2,02691989;-4,447011242;2,499981787;-1,778817456;0,075269694;
hsa-miR-548ax;3,640701759;-0,686382544;1,420300691;-0,483265655;0,628907123;0,831931032
hsa-miR-548b-3p;0,274059538;0,666989374;5,39771668;0,1235688;0,901656697;
hsa-miR-548d-3p;3,200567949;1,400071212;1,957158036;0,715359305;0,474387052;
hsa-miR-548j-5p;0,724683475;-1,466817079;3,187005788;-0,460249267;0,645337311;
hsa-miR-550a-5p;1,476073066;3,415684637;2,398630693;1,424014396;0,154442305;
hsa-miR-551b-3p;0,651828397;-2,416132941;3,607214168;-0,669805791;0,502981601;
hsa-miR-556-3p;31,48583706;0,335123557;0,633555868;0,528956599;0,596835558;0,831931032
hsa-miR-556-5p;1,118344836;-0,892427323;2,63335219;-0,338894025;0,734689566;
hsa-miR-5583-3p;0,410512376;0,666941402;5,39771668;0,123559913;0,901663734;
hsa-miR-5584-5p;0,734938788;-0,74200999;4,245620717;-0,174770673;0,861259833;
hsa-miR-5586-3p;1,899645908;-2,500211627;2,242464865;-1,114939041;0,264876545;
hsa-miR-5586-5p;0,903060745;1,570045201;3,375146954;0,465178323;0,641803761;
hsa-miR-5684;1,576968857;0,639186391;2,730969695;0,234051074;0,814945328;
hsa-miR-5690;1,276624626;2,039631324;2,823673604;0,722332539;0,470090052;
hsa-miR-574-3p;417,1435126;0,622262024;0,222538386;2,796200844;0,005170726;0,034451329
hsa-miR-574-5p;31,19386575;1,43975531;0,515593632;2,792422603;0,005231498;0,034451329
hsa-miR-576-5p;13,13578744;-0,663749557;0,790770018;-0,839371172;0,401261056;0,694490288
hsa-miR-584-5p;0,598939701;0,189314484;3,314850687;0,057111014;0,954456763;
hsa-miR-589-3p;1,345439621;1,967025502;2,537438649;0,775201206;0,438220775;
hsa-miR-590-3p;23,65679222;-1,220553407;0,559598435;-2,181123696;0,029174269;0,129132008
hsa-miR-590-5p;18,34097448;0,083880776;0,68314142;0,12278684;0,902275895;0,94791631
hsa-miR-592;0,320420914;0,666979422;5,39771668;0,123566957;0,901658157;
hsa-miR-598-3p;10,33922661;-0,651475446;0,904548893;-0,720221374;0,471388706;0,749883544
hsa-miR-6073;15,20234617;0,120407473;0,67460974;0,178484635;0,858342387;0,933812625
hsa-miR-624-3p;0,365577234;2,759091537;5,331171163;0,517539477;0,604779618;
hsa-miR-624-5p;0,267432563;-0,130783097;5,2762931;-0,024786928;0,980224918;
hsa-miR-625-3p;148,8933667;0,181481632;0,268945211;0,674790346;0,499808975;0,764697645
hsa-miR-625-5p;189,0601688;0,238487387;0,249204473;0,956994808;0,338569876;0,643442074
hsa-miR-627-5p;0,989250761;-2,654606679;2,960550792;-0,896659732;0,369900514;
hsa-miR-628-3p;29,60661349;-0,383774854;0,531104776;-0,722597255;0,469927355;0,749883544
hsa-miR-628-5p;4,02190451;0,212030449;1,455894871;0,145635824;0,884208886;0,94791631
hsa-miR-629-3p;0,439053986;0,704390636;4,531025738;0,155459421;0,876459143;
hsa-miR-629-5p;18,53489351;0,426183391;0,590130798;0,722184629;0,470180972;0,749883544
hsa-miR-641;1,350170797;0,10939867;2,193827993;0,049866567;0,96022872;
hsa-miR-6502-5p;0,332971742;0,666977422;5,39771668;0,123566586;0,90165845;
hsa-miR-6503-5p;0,088771542;-1,289618019;5,345005177;-0,241275355;0,809341711;
hsa-miR-6511a-3p;35,07822214;0,493070642;0,520159446;0,947922114;0,343169106;0,643442074
hsa-miR-6511b-3p;7,51948295;0,46184066;0,971281273;0,475496308;0,634433264;0,831931032
hsa-miR-6515-3p;0,792473217;0,667030568;3,771611255;0,176855599;0,859621816;
hsa-miR-6516-5p;0,901268244;-1,571609679;3,555436638;-0,442030006;0,658467493;
hsa-miR-652-3p;5,681873575;0,596199354;1,055452285;0,564875706;0,572158309;0,830552384
hsa-miR-654-3p;14,69094622;3,061046719;0,896969358;3,412654728;0,000643334;0,006896324
hsa-miR-654-5p;1,560590397;5,310025788;2,724446731;1,949029037;0,051291957;
hsa-miR-656-3p;1,062571808;4,876173648;3,193348454;1,526978254;0,126766419;
hsa-miR-660-5p;17,52492606;-0,601900317;0,66774352;-0,90139447;0,36737862;0,660828173
hsa-miR-664a-3p;222,7339494;0,453914158;0,347345486;1,306808859;0,191277636;0,447478924
hsa-miR-664a-5p;33,20305754;0,372671938;0,485670765;0,767334508;0,442882656;0,747364482
hsa-miR-664b-5p;3,860503044;2,16429971;1,44616154;1,496582263;0,134501988;0,370566702
hsa-miR-671-3p;4,441104737;-0,557577249;1,184425186;-0,470757676;0,637813792;0,831931032
hsa-miR-671-5p;1,231063421;0,808480129;2,452403089;0,329668533;0,741650433;
hsa-miR-6716-3p;0,225681178;3,426451112;5,282463611;0,64864642;0,516566944;
hsa-miR-6721-5p;17,99095788;0,240989618;0,63658726;0,37856494;0,705010962;0,851418654
hsa-miR-6738-3p;1,065456587;-0,982157116;2,767575192;-0,354880011;0,722679484;
hsa-miR-6741-3p;0,372680439;2,298575634;5,243946552;0,438329341;0,66114756;
hsa-miR-6748-5p;0,211076566;0,666986299;5,39771668;0,123568231;0,901657148;
hsa-miR-6766-5p;0,456765897;0,666979046;5,39771668;0,123566887;0,901658212;
hsa-miR-6767-5p;0,320420914;0,666979422;5,39771668;0,123566957;0,901658157;
hsa-miR-6782-3p;0,185103482;-0,710963965;5,387215994;-0,131972426;0,895006102;
hsa-miR-6785-3p;0,460789185;1,653910712;4,826793487;0,342652056;0,731860235;
hsa-miR-6793-3p;0,710787615;1,357962158;4,0801153;0,332824457;0,739266796;
hsa-miR-6799-3p;0,595471816;2,774854551;4,788931178;0,579430868;0,562298481;
hsa-miR-6802-3p;1,055298341;-0,65566874;3,347516015;-0,195867245;0,844714075;
hsa-miR-6809-3p;0,710767797;0,66700407;4,255380684;0,15674369;0,875446853;
hsa-miR-6810-3p;3,038907123;-1,3545743;2,035375953;-0,665515527;0,505720816;
hsa-miR-6810-5p;0,764296273;-1,271040092;3,332630133;-0,381392486;0,702912036;
hsa-miR-6826-3p;1,012645647;-0,123520375;2,852898141;-0,043296455;0,965465217;
hsa-miR-6828-3p;0,22149291;0,66696922;5,39771668;0,123565066;0,901659653;
hsa-miR-6852-5p;12,85796228;-0,034629538;0,805319883;-0,043000973;0,965700759;0,978140182
hsa-miR-6858-3p;2,536930808;2,800481845;2,04535588;1,369190502;0,170939734;
hsa-miR-6859-5p;0,698639491;0,683529169;4,173282714;0,163786931;0,86989888;
hsa-miR-6875-5p;0,270954305;2,624147805;5,345015879;0,490952294;0,62346019;
hsa-miR-6876-5p;2,523652631;-0,654449774;1,740037372;-0,376112482;0,706833275;
hsa-miR-6885-3p;0,806789971;4,006296241;3,885418272;1,031110671;0,302488924;
hsa-miR-6885-5p;3,899280556;2,891906251;1,704074202;1,697054182;0,089686417;0,291750997
hsa-miR-6886-5p;0,342860057;1,288969187;5,181593319;0,248759234;0,803547026;
hsa-miR-7-1-3p;83,21443335;-0,356314543;0,343920943;-1,036036187;0,300185261;0,604850899
hsa-miR-7-5p;36,73717511;-0,625273592;0,459145289;-1,361820772;0,173254454;0,433136136
hsa-miR-7109-3p;3,998533471;1,728461051;1,419016863;1,218069422;0,223197593;0,493961885
hsa-miR-7110-3p;1,218280567;1,682356719;2,833866023;0,593661347;0,552738641;
hsa-miR-744-3p;1,492989258;0,092314544;2,087897787;0,044214111;0,964733734;
hsa-miR-744-5p;735,9867665;0,951426814;0,228168136;4,169849618;3,04801E-05;0,000548887
hsa-miR-760;4,950164858;0,150773227;1,1536137;0,13069646;0,896015433;0,94791631
hsa-miR-766-3p;28,64654586;0,160231699;0,550383452;0,291127393;0,77095389;0,870952094
hsa-miR-769-5p;13,60598823;0,499951237;0,704155799;0,71000088;0,477703591;0,749883544
hsa-miR-7704;0,799044596;-2,296824592;3,625413391;-0,633534536;0,526384635;
hsa-miR-7706;0,088771542;-1,289618019;5,345005177;-0,241275355;0,809341711;
hsa-miR-7845-5p;0,594466858;0,05703691;3,750516036;0,01520775;0,987866439;
hsa-miR-7848-3p;0,747748272;0,49895495;3,600430055;0,138582042;0,889780435;
hsa-miR-7849-3p;0,720596404;2,007086199;4,58625264;0,437630972;0,661653816;
hsa-miR-7976;1,749513615;-2,928809961;2,679730174;-1,092949577;0,274415939;
hsa-miR-7977;5,032867836;-2,297233475;1,391233306;-1,651220874;0,098693482;0,306290117
hsa-miR-874-3p;2,499648799;0,523501747;1,540017576;0,33993232;0,733907497;
hsa-miR-874-5p;0,208533105;1,362956128;5,310891334;0,256634158;0,797461203;
hsa-miR-877-3p;7,731285161;0,86508403;1,029173475;0,840561918;0,4005934;0,694490288
hsa-miR-877-5p;67,54921002;0,342489178;0,352498694;0,971604104;0,33124754;0,643442074
hsa-miR-92a-1-5p;5,247953671;-0,927570559;1,303910169;-0,711376121;0,476851192;0,749883544
hsa-miR-92a-3p;1289,022356;-0,020041982;0,157602017;-0,127168307;0,898807189;0,94791631
hsa-miR-92b-3p;16,13207166;3,017249007;0,807194623;3,737944878;0,000185531;0,002504663
hsa-miR-93-3p;20,15522865;-0,222916858;0,632178398;-0,352617013;0,724375582;0,851418654
hsa-miR-93-5p;2193,950697;0,35255054;0,219972108;1,602705651;0,108999655;0,326998966
hsa-miR-937-3p;0,170845209;0,077237857;5,315285793;0,014531271;0,988406131;
hsa-miR-941;7,896103686;-1,267444733;1,092001846;-1,160661712;0,245779498;0,530883716
hsa-miR-942-5p;1,358121648;-2,525853444;2,803094119;-0,901094768;0,367537935;
hsa-miR-98-3p;118,6390408;-0,139950273;0,398227877;-0,351432637;0,725263801;0,851418654
hsa-miR-98-5p;1678,16998;-0,264227577;0,171920009;-1,536921615;0,124312506;0,353309227
hsa-miR-99a-5p;0,3521392;-2,193049129;5,281966721;-0,41519556;0,677998749;
hsa-miR-99b-3p;13,82740333;1,007546032;0,777056032;1,296619536;0,194762127;0,449451062
hsa-miR-99b-5p;54,23256137;-0,749899895;0,388363714;-1,93092163;0,053492745;0,212397663
